#pathway	#definition		#PRJNA158811: [Number of Ortholgous Present]	#PRJNA158811: [Orthologous Present]	#PRJNA232181: [Number of Ortholgous Present]	#PRJNA232181: [Orthologous Present]
map00010	Glycolysis / Gluconeogenesis	[21]	[K00121|K00134|K00150|K00161|K00162|K00382|K00627|K00845|K00873|K00927|K01624|K01689|K01803|K01810|K01835|K01895|K03737|K03841|K11532|K15633|K21071]	[39]	[K00016|K00121|K00134|K00138|K00163|K00382|K00627|K00845|K00850|K00873|K00927|K01085|K01222|K01223|K01610|K01624|K01689|K01785|K01792|K01803|K01810|K01834|K01835|K01895|K02446|K02777|K02779|K02791|K03737|K03841|K04022|K04072|K11645|K13953|K13954|K15633|K15634|K16370|K20866]	
map00020	Citrate cycle (TCA cycle)	[12]	[K00024|K00031|K00161|K00162|K00239|K00240|K00241|K00382|K00627|K01647|K01682|K03737]	[25]	[K00024|K00031|K00116|K00163|K00164|K00239|K00240|K00241|K00242|K00244|K00245|K00246|K00247|K00382|K00627|K00658|K01610|K01647|K01676|K01679|K01681|K01682|K01902|K01903|K03737]	
map00030	Pentose phosphate pathway	[15]	[K00033|K00036|K00615|K00616|K00948|K01057|K01619|K01624|K01783|K01807|K01810|K01835|K03841|K11532|K21071]	[26]	[K00033|K00036|K00090|K00117|K00615|K00616|K00850|K00851|K00852|K00874|K00948|K01619|K01624|K01625|K01690|K01783|K01807|K01808|K01810|K01835|K01839|K02446|K03841|K07404|K11645|K16370]	
map00040	Pentose and glucuronate interconversions	[2]	[K00012|K01783]	[17]	[K00012|K00040|K00041|K00853|K00880|K00963|K01685|K01686|K01783|K01804|K01812|K03077|K03078|K03079|K08092|K08322|K08323]	
map00051	Fructose and mannose metabolism	[11]	[K00966|K00971|K01624|K01711|K01803|K01809|K02377|K03841|K11532|K16881|K21071]	[36]	[K00009|K00068|K00847|K00850|K00879|K00881|K00882|K00971|K01624|K01628|K01711|K01803|K01808|K01809|K01818|K01840|K02377|K02446|K02770|K02794|K02795|K02796|K02798|K02800|K02812|K02813|K02814|K02815|K03841|K07026|K11645|K12660|K12661|K16370|K17195|K19956]	
map00052	Galactose metabolism	[4]	[K00845|K01784|K01835|K21071]	[24]	[K00845|K00849|K00850|K00963|K00965|K01187|K01190|K01784|K01785|K01835|K02079|K02080|K02744|K02745|K02746|K02747|K08302|K10984|K10985|K10986|K12111|K12112|K16370|K16371]	
map00053	Ascorbate and aldarate metabolism	[1]	[K00012]	[12]	[K00012|K00880|K01630|K01708|K02821|K02822|K03077|K03078|K03079|K03475|K03476|K08092]	
map00061	Fatty acid biosynthesis	[9]	[K00059|K00208|K00645|K00648|K01961|K01962|K01963|K02372|K09458]	[13]	[K00059|K00208|K00645|K00647|K00648|K01716|K01897|K01961|K01962|K01963|K02160|K02372|K09458]	
map00062	Fatty acid elongation	[0]	[ ]	[0]	[ ]	
map00071	Fatty acid degradation	[1]	[K00121]	[11]	[K00121|K00626|K00632|K01782|K01825|K01897|K04072|K05939|K06445|K13953|K13954]	
map00072	Synthesis and degradation of ketone bodies	[0]	[ ]	[1]	[K00626]	
map00073	Cutin, suberine and wax biosynthesis	[0]	[ ]	[0]	[ ]	
map00100	Steroid biosynthesis	[1]	[K00801]	[0]	[ ]	
map00120	Primary bile acid biosynthesis	[0]	[ ]	[0]	[ ]	
map00121	Secondary bile acid biosynthesis	[0]	[ ]	[1]	[K00076]	
map00130	Ubiquinone and other terpenoid-quinone biosynthesis	[7]	[K01661|K02548|K03179|K03181|K03182|K03183|K03186]	[19]	[K00568|K01661|K01911|K02361|K02548|K02549|K02551|K02552|K03179|K03181|K03182|K03183|K03184|K03185|K03186|K03809|K08680|K18800|K19222]	
map00140	Steroid hormone biosynthesis	[0]	[ ]	[1]	[K01130]	
map00190	Oxidative phosphorylation	[36]	[K00239|K00240|K00241|K00425|K00426|K00937|K01507|K02108|K02110|K02111|K02112|K02114|K02115|K02257|K02259|K02274|K02276|K03885|K05572|K05573|K05574|K05575|K05576|K05577|K05578|K05579|K05580|K05581|K05582|K05583|K05584|K05585|K05586|K05587|K05588|K22468]	[40]	[K00239|K00240|K00241|K00242|K00244|K00245|K00246|K00247|K00330|K00331|K00334|K00335|K00336|K00337|K00338|K00339|K00340|K00341|K00342|K00343|K00424|K00425|K00426|K00937|K01507|K02108|K02109|K02110|K02111|K02112|K02113|K02114|K02115|K02257|K02297|K02298|K02299|K02300|K03885|K13378]	
map00195	Photosynthesis	[37]	[K02108|K02110|K02111|K02112|K02114|K02115|K02634|K02635|K02636|K02637|K02639|K02640|K02641|K02689|K02690|K02691|K02692|K02693|K02694|K02697|K02698|K02699|K02703|K02704|K02705|K02706|K02707|K02708|K02709|K02710|K02711|K02712|K02713|K02714|K03689|K08903|K08906]	[8]	[K02108|K02109|K02110|K02111|K02112|K02113|K02114|K02115]	
map00196	Photosynthesis - antenna proteins	[1]	[K02093]	[0]	[ ]	
map00220	Arginine biosynthesis	[13]	[K00145|K00262|K00611|K00620|K00812|K00821|K00930|K01428|K01429|K01430|K01755|K01915|K01940]	[14]	[K00145|K00262|K00611|K00813|K00821|K00926|K00930|K01425|K01438|K01755|K01915|K01940|K14260|K14682]	
map00230	Purine metabolism	[43]	[K00088|K00524|K00602|K00759|K00764|K00860|K00873|K00939|K00940|K00942|K00948|K00958|K00962|K01139|K01428|K01429|K01430|K01488|K01515|K01524|K01588|K01756|K01768|K01835|K01923|K01933|K01939|K01945|K01951|K01952|K02337|K02338|K02340|K02343|K02428|K03040|K03043|K03046|K03060|K03787|K06966|K08289|K11175]	[76]	[K00087|K00088|K00364|K00525|K00526|K00602|K00759|K00760|K00764|K00769|K00860|K00873|K00892|K00926|K00939|K00940|K00942|K00948|K00951|K00956|K00957|K00962|K01119|K01129|K01139|K01241|K01486|K01487|K01488|K01515|K01524|K01525|K01588|K01589|K01756|K01835|K01839|K01923|K01933|K01939|K01945|K01951|K01952|K02335|K02337|K02338|K02339|K02340|K02341|K02342|K02343|K02344|K02345|K02428|K03040|K03043|K03046|K03060|K03651|K03784|K03787|K03815|K04765|K05851|K06966|K07127|K08289|K08312|K08723|K09913|K11175|K11751|K13479|K13480|K20881|K21636]	
map00231	Puromycin biosynthesis	[0]	[ ]	[0]	[ ]	
map00232	Caffeine metabolism	[0]	[ ]	[0]	[ ]	
map00240	Pyrimidine metabolism	[26]	[K00226|K00524|K00560|K00609|K00761|K00762|K00940|K00962|K01465|K01485|K01493|K01591|K01955|K01956|K02337|K02338|K02340|K02343|K02825|K03040|K03043|K03046|K03060|K03787|K06966|K09903]	[56]	[K00254|K00525|K00526|K00560|K00609|K00610|K00757|K00758|K00761|K00762|K00857|K00876|K00940|K00943|K00945|K00962|K01119|K01464|K01465|K01489|K01494|K01520|K01591|K01937|K01955|K01956|K02335|K02337|K02338|K02339|K02340|K02341|K02342|K02343|K02344|K02345|K03040|K03043|K03046|K03060|K03784|K03787|K04765|K06966|K08722|K08723|K09903|K09913|K11751|K16066|K16328|K16329|K17722|K17723|K20881|K21636]	
map00250	Alanine, aspartate and glutamate metabolism	[20]	[K00135|K00259|K00262|K00266|K00278|K00609|K00764|K00812|K00820|K00830|K01424|K01744|K01755|K01756|K01915|K01939|K01940|K01955|K01956|K13821]	[30]	[K00135|K00262|K00265|K00266|K00278|K00609|K00610|K00764|K00813|K00820|K00823|K01424|K01425|K01580|K01744|K01755|K01756|K01779|K01914|K01915|K01939|K01940|K01953|K01955|K01956|K07250|K08324|K13566|K13821|K14260]	
map00253	Tetracycline biosynthesis	[0]	[ ]	[0]	[ ]	
map00254	Aflatoxin biosynthesis	[0]	[ ]	[0]	[ ]	
map00260	Glycine, serine and threonine metabolism	[17]	[K00003|K00058|K00133|K00281|K00382|K00600|K00605|K00830|K00872|K00928|K01620|K01695|K01696|K01733|K02437|K15633|K22305]	[30]	[K00058|K00060|K00090|K00133|K00281|K00382|K00600|K00605|K00639|K00831|K00865|K00872|K00928|K00998|K01079|K01620|K01695|K01696|K01733|K01752|K01753|K01754|K01834|K02437|K12524|K12525|K12972|K15633|K15634|K16066]	
map00261	Monobactam biosynthesis	[5]	[K00133|K00215|K00928|K00958|K01714]	[8]	[K00133|K00215|K00928|K00956|K00957|K01714|K12524|K12525]	
map00270	Cysteine and methionine metabolism	[20]	[K00003|K00024|K00133|K00548|K00558|K00640|K00772|K00789|K00797|K00812|K00826|K00928|K01251|K01611|K01738|K01920|K08963|K08964|K08967|K09880]	[30]	[K00016|K00024|K00133|K00548|K00549|K00558|K00640|K00651|K00789|K00797|K00813|K00826|K00832|K00928|K01011|K01243|K01611|K01738|K01739|K01752|K01760|K01919|K01920|K05396|K07173|K08968|K12339|K12524|K12525|K14155]	
map00280	Valine, leucine and isoleucine degradation	[2]	[K00382|K00826]	[8]	[K00382|K00626|K00632|K00826|K01782|K01825|K01847|K07250]	
map00281	Geraniol degradation	[0]	[ ]	[3]	[K00632|K01782|K01825]	
map00290	Valine, leucine and isoleucine biosynthesis	[9]	[K00052|K00053|K00826|K01649|K01652|K01653|K01687|K01703|K01704]	[13]	[K00052|K00053|K00826|K00835|K01649|K01652|K01653|K01687|K01703|K01704|K01754|K11258|K14260]	
map00300	Lysine biosynthesis	[10]	[K00003|K00133|K00215|K00821|K00928|K01586|K01714|K01778|K01928|K10206]	[13]	[K00133|K00215|K00674|K00821|K00928|K01439|K01586|K01714|K01778|K01928|K01929|K12524|K12525]	
map00310	Lysine degradation	[1]	[K00135]	[9]	[K00135|K00164|K00626|K00658|K01034|K01035|K01582|K01782|K01825]	
map00311	Penicillin and cephalosporin biosynthesis	[0]	[ ]	[0]	[ ]	
map00330	Arginine and proline metabolism	[14]	[K00147|K00286|K00797|K00812|K00931|K01259|K01426|K01470|K01480|K01485|K01585|K01611|K10536|K13821]	[23]	[K00137|K00147|K00286|K00657|K00673|K00797|K00813|K00840|K00931|K01480|K01484|K01581|K01584|K01585|K01611|K05526|K06447|K09251|K09470|K09471|K09472|K09473|K13821]	
map00331	Clavulanic acid biosynthesis	[0]	[ ]	[0]	[ ]	
map00332	Carbapenem biosynthesis	[2]	[K00147|K00931]	[2]	[K00147|K00931]	
map00333	Prodigiosin biosynthesis	[3]	[K00059|K00208|K00645]	[3]	[K00059|K00208|K00645]	
map00340	Histidine metabolism	[7]	[K00013|K00765|K01693|K01814|K02500|K02501|K11755]	[8]	[K00013|K00765|K00817|K01089|K01814|K02500|K02501|K11755]	
map00350	Tyrosine metabolism	[3]	[K00121|K00135|K00812]	[11]	[K00121|K00135|K00450|K00813|K00817|K00832|K01801|K04072|K13953|K13954|K16165]	
map00360	Phenylalanine metabolism	[3]	[K00588|K00812|K01426]	[6]	[K00285|K00813|K00817|K00832|K01451|K03782]	
map00361	Chlorocyclohexane and chlorobenzene degradation	[1]	[K01061]	[1]	[K01061]	
map00362	Benzoate degradation	[0]	[ ]	[6]	[K00626|K00632|K01782|K01821|K01825|K22270]	
map00363	Bisphenol degradation	[0]	[ ]	[0]	[ ]	
map00364	Fluorobenzoate degradation	[1]	[K01061]	[1]	[K01061]	
map00365	Furfural degradation	[0]	[ ]	[0]	[ ]	
map00380	Tryptophan metabolism	[1]	[K01426]	[6]	[K00164|K00626|K01667|K01782|K01825|K03782]	
map00400	Phenylalanine, tyrosine and tryptophan biosynthesis	[14]	[K00766|K00800|K00812|K01609|K01626|K01657|K01658|K01695|K01696|K01735|K01736|K03786|K04518|K06208]	[18]	[K00014|K00800|K00813|K00817|K00832|K00891|K01626|K01657|K01695|K01696|K01735|K01736|K03785|K05887|K13497|K13498|K14170|K14187]	
map00401	Novobiocin biosynthesis	[1]	[K00812]	[4]	[K00813|K00817|K00832|K14187]	
map00402	Benzoxazinoid biosynthesis	[0]	[ ]	[0]	[ ]	
map00403	Indole diterpene alkaloid biosynthesis	[0]	[ ]	[0]	[ ]	
map00404	Staurosporine biosynthesis	[0]	[ ]	[0]	[ ]	
map00405	Phenazine biosynthesis	[2]	[K01657|K01658]	[1]	[K01657]	
map00410	beta-Alanine metabolism	[1]	[K00797]	[12]	[K00137|K00797|K00823|K01464|K01579|K01580|K01782|K01825|K01918|K07250|K17722|K17723]	
map00430	Taurine and hypotaurine metabolism	[1]	[K00259]	[5]	[K00681|K00925|K01580|K03119|K13788]	
map00440	Phosphonate and phosphinate metabolism	[0]	[ ]	[2]	[K00968|K03823]	
map00450	Selenocompound metabolism	[4]	[K00548|K00958|K01874|K11717]	[17]	[K00384|K00548|K00549|K00956|K00957|K01008|K01042|K01739|K01760|K01874|K07309|K07310|K11717|K12527|K12528|K12529|K14155]	
map00460	Cyanoamino acid metabolism	[2]	[K00600|K01424]	[5]	[K00600|K00681|K01424|K01914|K05349]	
map00471	D-Glutamine and D-glutamate metabolism	[2]	[K01776|K01925]	[4]	[K01425|K01776|K01924|K01925]	
map00472	D-Arginine and D-ornithine metabolism	[0]	[ ]	[0]	[ ]	
map00473	D-Alanine metabolism	[2]	[K01775|K01921]	[2]	[K01775|K01921]	
map00480	Glutathione metabolism	[9]	[K00031|K00033|K00036|K00383|K00797|K00799|K01255|K01256|K01920]	[17]	[K00031|K00033|K00036|K00383|K00432|K00681|K00797|K00799|K01255|K01256|K01270|K01460|K01581|K01919|K01920|K07232|K07751]	
map00500	Starch and sucrose metabolism	[11]	[K00688|K00700|K00703|K00705|K00845|K00975|K00978|K01208|K01810|K01835|K16149]	[28]	[K00688|K00697|K00700|K00703|K00705|K00845|K00847|K00963|K00975|K01087|K01176|K01187|K01194|K01222|K01223|K01226|K01232|K01810|K01835|K02438|K02750|K02759|K02760|K02761|K02777|K02791|K02819|K05349]	
map00510	N-Glycan biosynthesis	[1]	[K00721]	[0]	[ ]	
map00511	Other glycan degradation	[1]	[K17108]	[3]	[K01190|K12111|K12112]	
map00512	Mucin type O-glycan biosynthesis	[0]	[ ]	[0]	[ ]	
map00513	Various types of N-glycan biosynthesis	[0]	[ ]	[0]	[ ]	
map00514	Other types of O-glycan biosynthesis	[0]	[ ]	[0]	[ ]	
map00515	Mannose type O-glycan biosynthesis	[0]	[ ]	[0]	[ ]	
map00520	Amino sugar and nucleotide sugar metabolism	[26]	[K00012|K00075|K00790|K00820|K00845|K00966|K00971|K00975|K00978|K01443|K01654|K01711|K01784|K01788|K01791|K01809|K01810|K01835|K02377|K03431|K04042|K06118|K07106|K08678|K08679|K16881]	[42]	[K00012|K00075|K00790|K00820|K00845|K00847|K00849|K00884|K00885|K00963|K00965|K00971|K00975|K01207|K01443|K01639|K01711|K01784|K01788|K01791|K01809|K01810|K01835|K01840|K02377|K02472|K02564|K02777|K02779|K02791|K02794|K02795|K02796|K02804|K03431|K04042|K07106|K07806|K10011|K10012|K11192|K13014]	
map00521	Streptomycin biosynthesis	[6]	[K00845|K00973|K01092|K01710|K01790|K01835]	[7]	[K00067|K00845|K00973|K01092|K01710|K01790|K01835]	
map00522	Biosynthesis of 12-, 14- and 16-membered macrolides	[0]	[ ]	[0]	[ ]	
map00523	Polyketide sugar unit biosynthesis	[3]	[K00973|K01710|K01790]	[4]	[K00067|K00973|K01710|K01790]	
map00524	Neomycin, kanamycin and gentamicin biosynthesis	[1]	[K00845]	[1]	[K00845]	
map00525	Acarbose and validamycin biosynthesis	[2]	[K00973|K01710]	[2]	[K00973|K01710]	
map00531	Glycosaminoglycan degradation	[0]	[ ]	[1]	[K01207]	
map00532	Glycosaminoglycan biosynthesis - chondroitin sulfate / dermatan sulfate	[0]	[ ]	[0]	[ ]	
map00533	Glycosaminoglycan biosynthesis - keratan sulfate	[0]	[ ]	[0]	[ ]	
map00534	Glycosaminoglycan biosynthesis - heparan sulfate / heparin	[0]	[ ]	[0]	[ ]	
map00540	Lipopolysaccharide biosynthesis	[3]	[K00748|K02535|K02536]	[31]	[K00677|K00748|K00912|K00979|K01627|K02517|K02527|K02535|K02536|K02560|K02840|K02841|K02843|K02844|K02847|K02848|K02849|K02850|K03269|K03270|K03271|K03272|K03273|K03274|K03275|K03276|K03280|K06041|K12975|K12981|K19353]	
map00550	Peptidoglycan biosynthesis	[9]	[K00075|K00790|K01000|K01921|K01925|K01928|K02563|K05515|K06153]	[20]	[K00075|K00790|K01000|K01921|K01924|K01925|K01928|K01929|K02563|K03587|K03814|K05365|K05366|K05367|K05515|K06153|K07258|K07259|K19302|K21469]	
map00561	Glycerolipid metabolism	[6]	[K00005|K00655|K01046|K03621|K06118|K20024]	[11]	[K00005|K00631|K00655|K00864|K00865|K00901|K03621|K05878|K05879|K05881|K08591]	
map00562	Inositol phosphate metabolism	[2]	[K01092|K01803]	[4]	[K01092|K01093|K01803|K16044]	
map00563	Glycosylphosphatidylinositol (GPI)-anchor biosynthesis	[0]	[ ]	[0]	[ ]	
map00564	Glycerophospholipid metabolism	[6]	[K00057|K00655|K00981|K00995|K01126|K03621]	[27]	[K00057|K00111|K00112|K00113|K00631|K00655|K00901|K00968|K00981|K00995|K00998|K01048|K01058|K01095|K01096|K01126|K01521|K01613|K03621|K03735|K03736|K04019|K05939|K06131|K06132|K08591|K18697]	
map00565	Ether lipid metabolism	[0]	[ ]	[1]	[K01058]	
map00571	Lipoarabinomannan (LAM) biosynthesis	[0]	[ ]	[0]	[ ]	
map00590	Arachidonic acid metabolism	[0]	[ ]	[2]	[K00432|K01058]	
map00591	Linoleic acid metabolism	[0]	[ ]	[2]	[K00508|K01058]	
map00592	alpha-Linolenic acid metabolism	[0]	[ ]	[2]	[K00632|K01058]	
map00600	Sphingolipid metabolism	[1]	[K17108]	[2]	[K01130|K01190]	
map00601	Glycosphingolipid biosynthesis - lacto and neolacto series	[0]	[ ]	[0]	[ ]	
map00603	Glycosphingolipid biosynthesis - globo and isoglobo series	[0]	[ ]	[0]	[ ]	
map00604	Glycosphingolipid biosynthesis - ganglio series	[0]	[ ]	[0]	[ ]	
map00620	Pyruvate metabolism	[17]	[K00024|K00027|K00161|K00162|K00382|K00627|K00873|K01007|K01069|K01595|K01649|K01759|K01895|K01961|K01962|K01963|K03737]	[45]	[K00016|K00024|K00027|K00029|K00090|K00101|K00116|K00138|K00156|K00163|K00244|K00245|K00246|K00247|K00382|K00626|K00627|K00656|K00873|K00925|K01007|K01026|K01069|K01512|K01595|K01610|K01638|K01649|K01676|K01679|K01759|K01895|K01961|K01962|K01963|K02160|K03737|K03777|K03778|K04020|K04021|K04072|K05523|K12972|K13788]	
map00621	Dioxin degradation	[0]	[ ]	[1]	[K01821]	
map00622	Xylene degradation	[0]	[ ]	[1]	[K01821]	
map00623	Toluene degradation	[1]	[K01061]	[1]	[K01061]	
map00624	Polycyclic aromatic hydrocarbon degradation	[0]	[ ]	[0]	[ ]	
map00625	Chloroalkane and chloroalkene degradation	[1]	[K00121]	[4]	[K00121|K04072|K13953|K13954]	
map00626	Naphthalene degradation	[1]	[K00121]	[4]	[K00121|K04072|K13953|K13954]	
map00627	Aminobenzoate degradation	[2]	[K01426|K03186]	[7]	[K01034|K01035|K01512|K01612|K03186|K19709|K21759]	
map00630	Glyoxylate and dicarboxylate metabolism	[16]	[K00024|K00104|K00281|K00284|K00382|K00600|K00605|K00830|K01601|K01602|K01647|K01682|K01895|K01915|K02437|K11473]	[34]	[K00024|K00042|K00048|K00090|K00104|K00123|K00124|K00127|K00281|K00382|K00600|K00605|K00626|K00865|K01091|K01433|K01608|K01625|K01637|K01638|K01647|K01681|K01682|K01816|K01847|K01895|K01915|K02437|K03779|K03780|K07246|K11472|K11473|K12972]	
map00633	Nitrotoluene degradation	[1]	[K10680]	[5]	[K06281|K06282|K10678|K10679|K10680]	
map00640	Propanoate metabolism	[7]	[K00005|K00382|K01682|K01895|K01961|K01962|K01963]	[40]	[K00005|K00016|K00048|K00382|K00626|K00656|K00823|K00925|K00932|K01026|K01034|K01035|K01659|K01682|K01699|K01720|K01734|K01782|K01825|K01847|K01895|K01902|K01903|K01908|K01961|K01962|K01963|K02160|K03417|K07250|K08325|K11264|K13788|K13919|K13920|K13921|K13923|K19709|K19745|K22214]	
map00642	Ethylbenzene degradation	[0]	[ ]	[1]	[K00632]	
map00643	Styrene degradation	[1]	[K01426]	[1]	[K01026]	
map00650	Butanoate metabolism	[7]	[K00135|K00239|K00240|K00241|K01652|K01653|K03737]	[27]	[K00135|K00239|K00240|K00241|K00242|K00244|K00245|K00246|K00247|K00626|K00656|K00823|K01034|K01035|K01580|K01652|K01653|K01715|K01782|K01825|K03737|K04072|K07246|K07250|K08324|K11258|K19709]	
map00660	C5-Branched dibasic acid metabolism	[5]	[K00052|K01652|K01653|K01703|K01704]	[8]	[K00052|K01652|K01653|K01703|K01704|K01902|K01903|K11258]	
map00670	One carbon pool by folate	[10]	[K00297|K00548|K00560|K00600|K00602|K00604|K00605|K01491|K08289|K11175]	[14]	[K00287|K00297|K00548|K00560|K00600|K00602|K00604|K00605|K01433|K01491|K01934|K08289|K11175|K13938]	
map00680	Methane metabolism	[19]	[K00024|K00058|K00121|K00600|K00830|K01007|K01070|K01595|K01624|K01689|K01895|K03841|K05979|K11532|K11780|K11781|K15633|K21071|K22305]	[25]	[K00024|K00058|K00121|K00123|K00124|K00127|K00600|K00831|K00850|K00925|K01007|K01070|K01079|K01595|K01624|K01689|K01834|K01895|K02446|K03841|K11645|K13788|K15633|K15634|K16370]	
map00710	Carbon fixation in photosynthetic organisms	[15]	[K00024|K00134|K00150|K00615|K00855|K00927|K01595|K01601|K01602|K01624|K01783|K01803|K01807|K03841|K11532]	[16]	[K00024|K00029|K00134|K00615|K00855|K00927|K01595|K01610|K01624|K01783|K01803|K01807|K01808|K02446|K03841|K11645]	
map00720	Carbon fixation pathways in prokaryotes	[15]	[K00024|K00031|K00239|K00240|K00241|K00297|K01007|K01491|K01595|K01682|K01895|K01961|K01962|K01963|K03737]	[30]	[K00024|K00031|K00239|K00240|K00241|K00242|K00244|K00245|K00246|K00247|K00297|K00626|K00925|K01007|K01491|K01595|K01676|K01679|K01681|K01682|K01847|K01895|K01902|K01903|K01961|K01962|K01963|K02160|K03737|K13788]	
map00730	Thiamine metabolism	[7]	[K00788|K00939|K00941|K01662|K03147|K03149|K04487]	[15]	[K00788|K00878|K00939|K00941|K00946|K01077|K01662|K03147|K03148|K03149|K03150|K03151|K04487|K06949|K07251]	
map00740	Riboflavin metabolism	[3]	[K00794|K11752|K14652]	[11]	[K00793|K00794|K01093|K01497|K02858|K03788|K05368|K11752|K11753|K20861|K20862]	
map00750	Vitamin B6 metabolism	[5]	[K00097|K00275|K01733|K03474|K05275]	[9]	[K00097|K00275|K00831|K00868|K01733|K03472|K03473|K03474|K05275]	
map00760	Nicotinate and nicotinamide metabolism	[11]	[K00135|K00278|K00324|K00325|K00763|K00767|K00858|K01950|K03517|K03742|K03787]	[22]	[K00135|K00278|K00322|K00324|K00325|K00763|K00767|K00858|K00969|K01916|K03426|K03517|K03743|K03784|K03787|K04765|K06211|K08281|K08324|K08723|K11751|K20881]	
map00770	Pantothenate and CoA biosynthesis	[8]	[K00053|K00606|K00826|K00954|K01652|K01653|K01687|K13038]	[21]	[K00053|K00077|K00606|K00826|K00859|K00867|K00954|K00997|K01464|K01579|K01652|K01653|K01687|K01918|K04765|K06133|K08682|K11258|K13038|K17722|K17723]	
map00780	Biotin metabolism	[7]	[K00059|K00208|K00833|K01012|K01935|K02372|K09458]	[13]	[K00059|K00208|K00647|K00652|K00833|K01012|K01935|K02169|K02170|K02372|K03524|K08351|K09458]	
map00785	Lipoic acid metabolism	[2]	[K03644|K03801]	[3]	[K03644|K03800|K03801]	
map00790	Folate biosynthesis	[13]	[K00796|K00950|K01495|K01724|K01737|K03635|K03637|K03638|K03639|K06920|K09457|K10026|K14652]	[26]	[K00287|K00796|K00950|K01077|K01495|K01497|K01633|K01664|K01665|K01737|K02619|K03635|K03637|K03638|K03639|K03750|K03752|K03831|K06879|K06920|K07141|K07589|K08310|K10026|K11754|K13938]	
map00791	Atrazine degradation	[3]	[K01428|K01429|K01430]	[0]	[ ]	
map00830	Retinol metabolism	[1]	[K00121]	[2]	[K00121|K13953]	
map00860	Porphyrin and chlorophyll metabolism	[38]	[K00218|K00228|K00798|K01599|K01698|K01749|K01772|K01845|K01885|K02188|K02191|K02224|K02227|K02230|K02232|K02257|K02259|K02303|K02492|K03394|K03403|K03404|K03405|K03428|K03795|K04035|K04037|K04038|K04039|K04040|K05371|K05936|K06042|K10960|K13541|K18010|K19221|K21231]	[22]	[K00228|K00230|K00768|K01599|K01698|K01719|K01749|K01772|K01845|K01885|K02226|K02231|K02233|K02257|K02302|K02492|K02495|K02496|K03594|K04032|K05368|K19221]	
map00900	Terpenoid backbone biosynthesis	[11]	[K00099|K00806|K00991|K01662|K01770|K01823|K03526|K03527|K05356|K10960|K13789]	[12]	[K00099|K00626|K00795|K00806|K00919|K00991|K01662|K01770|K01823|K02523|K03526|K03527]	
map00901	Indole alkaloid biosynthesis	[0]	[ ]	[0]	[ ]	
map00902	Monoterpenoid biosynthesis	[0]	[ ]	[0]	[ ]	
map00903	Limonene and pinene degradation	[0]	[ ]	[2]	[K01782|K01825]	
map00904	Diterpenoid biosynthesis	[0]	[ ]	[0]	[ ]	
map00905	Brassinosteroid biosynthesis	[0]	[ ]	[0]	[ ]	
map00906	Carotenoid biosynthesis	[8]	[K00514|K02291|K02293|K02294|K09835|K09879|K14605|K14606]	[0]	[ ]	
map00908	Zeatin biosynthesis	[1]	[K00791]	[1]	[K00791]	
map00909	Sesquiterpenoid and triterpenoid biosynthesis	[2]	[K00801|K06045]	[0]	[ ]	
map00910	Nitrogen metabolism	[11]	[K00262|K00266|K00284|K00366|K00367|K01725|K01915|K05601|K15576|K15577|K15578]	[16]	[K00262|K00265|K00266|K00362|K00363|K00370|K00371|K00374|K00926|K01673|K01915|K02567|K02568|K02575|K03385|K05601]	
map00920	Sulfur metabolism	[7]	[K00390|K00392|K00640|K00860|K00958|K01082|K01738]	[29]	[K00380|K00381|K00385|K00390|K00640|K00651|K00860|K00956|K00957|K01011|K01082|K01738|K01739|K02045|K02046|K02047|K02048|K02439|K03119|K07306|K07307|K07308|K08353|K08354|K10831|K15551|K15552|K16950|K16951]	
map00930	Caprolactam degradation	[0]	[ ]	[2]	[K01782|K01825]	
map00940	Phenylpropanoid biosynthesis	[2]	[K00588|K03186]	[3]	[K03186|K03782|K05349]	
map00941	Flavonoid biosynthesis	[1]	[K00588]	[0]	[ ]	
map00942	Anthocyanin biosynthesis	[0]	[ ]	[0]	[ ]	
map00943	Isoflavonoid biosynthesis	[0]	[ ]	[0]	[ ]	
map00944	Flavone and flavonol biosynthesis	[0]	[ ]	[0]	[ ]	
map00945	Stilbenoid, diarylheptanoid and gingerol biosynthesis	[1]	[K00588]	[0]	[ ]	
map00950	Isoquinoline alkaloid biosynthesis	[1]	[K00812]	[2]	[K00813|K00832]	
map00960	Tropane, piperidine and pyridine alkaloid biosynthesis	[1]	[K00812]	[5]	[K00813|K00817|K00832|K01582|K13607]	
map00965	Betalain biosynthesis	[0]	[ ]	[1]	[K15777]	
map00966	Glucosinolate biosynthesis	[1]	[K01703]	[1]	[K01703]	
map00970	Aminoacyl-tRNA biosynthesis	[25]	[K00604|K01866|K01867|K01868|K01869|K01870|K01872|K01873|K01874|K01875|K01876|K01878|K01879|K01881|K01883|K01885|K01887|K01889|K01890|K01892|K01893|K02433|K02434|K02435|K04567]	[24]	[K00604|K01042|K01866|K01867|K01868|K01869|K01870|K01872|K01873|K01874|K01875|K01876|K01878|K01879|K01881|K01883|K01885|K01886|K01887|K01889|K01890|K01892|K01893|K04567]	
map00980	Metabolism of xenobiotics by cytochrome P450	[2]	[K00121|K00799]	[3]	[K00121|K00799|K13953]	
map00981	Insect hormone biosynthesis	[0]	[ ]	[0]	[ ]	
map00982	Drug metabolism - cytochrome P450	[2]	[K00121|K00799]	[3]	[K00121|K00799|K13953]	
map00983	Drug metabolism - other enzymes	[4]	[K00088|K00799|K00940|K01951]	[13]	[K00088|K00757|K00758|K00760|K00799|K00857|K00876|K00940|K01464|K01489|K01520|K01951|K03782]	
map00984	Steroid degradation	[0]	[ ]	[0]	[ ]	
map00999	Biosynthesis of secondary metabolites - unclassified	[1]	[K02078]	[1]	[K02078]	
map01040	Biosynthesis of unsaturated fatty acids	[2]	[K00059|K00507]	[6]	[K00059|K01782|K01825|K10804|K10805|K10806]	
map01051	Biosynthesis of ansamycins	[1]	[K00615]	[1]	[K00615]	
map01052	Type I polyketide structures	[0]	[ ]	[0]	[ ]	
map01053	Biosynthesis of siderophore group nonribosomal peptides	[0]	[ ]	[7]	[K00216|K01252|K02361|K02362|K02363|K02364|K02552]	
map01054	Nonribosomal peptide structures	[0]	[ ]	[1]	[K01779]	
map01055	Biosynthesis of vancomycin group antibiotics	[1]	[K01710]	[1]	[K01710]	
map01056	Biosynthesis of type II polyketide backbone	[0]	[ ]	[0]	[ ]	
map01057	Biosynthesis of type II polyketide products	[0]	[ ]	[0]	[ ]	
map01058	Acridone alkaloid biosynthesis	[0]	[ ]	[0]	[ ]	
map01059	Biosynthesis of enediyne antibiotics	[0]	[ ]	[0]	[ ]	
map01062	Biosynthesis of terpenoids and steroids	[1]	[K02291]	[0]	[ ]	
map01100	Metabolic pathways	[396]	[K00003|K00005|K00012|K00013|K00024|K00031|K00033|K00036|K00052|K00053|K00058|K00059|K00075|K00088|K00097|K00099|K00104|K00121|K00133|K00134|K00135|K00145|K00147|K00150|K00161|K00162|K00208|K00215|K00218|K00226|K00228|K00239|K00240|K00241|K00259|K00262|K00266|K00275|K00278|K00281|K00286|K00297|K00324|K00325|K00382|K00390|K00392|K00425|K00426|K00514|K00524|K00548|K00558|K00560|K00588|K00600|K00602|K00605|K00606|K00609|K00611|K00615|K00616|K00620|K00627|K00640|K00645|K00648|K00655|K00688|K00700|K00703|K00705|K00721|K00748|K00759|K00761|K00762|K00763|K00764|K00765|K00766|K00767|K00772|K00788|K00789|K00790|K00791|K00794|K00796|K00797|K00798|K00800|K00801|K00812|K00820|K00821|K00826|K00830|K00833|K00845|K00855|K00858|K00860|K00872|K00873|K00927|K00928|K00930|K00931|K00939|K00940|K00941|K00942|K00948|K00950|K00954|K00958|K00966|K00971|K00975|K00978|K00981|K00991|K00995|K01000|K01007|K01012|K01046|K01057|K01061|K01082|K01092|K01208|K01251|K01255|K01256|K01424|K01428|K01429|K01430|K01465|K01480|K01485|K01488|K01491|K01493|K01495|K01585|K01586|K01588|K01591|K01595|K01599|K01601|K01602|K01609|K01611|K01620|K01624|K01626|K01647|K01649|K01652|K01653|K01654|K01657|K01658|K01661|K01662|K01682|K01687|K01689|K01693|K01695|K01696|K01698|K01703|K01704|K01711|K01714|K01724|K01733|K01735|K01736|K01737|K01738|K01744|K01749|K01755|K01756|K01770|K01772|K01775|K01776|K01778|K01783|K01784|K01791|K01803|K01807|K01809|K01810|K01814|K01823|K01835|K01845|K01885|K01895|K01915|K01920|K01921|K01923|K01925|K01933|K01935|K01939|K01940|K01945|K01950|K01951|K01952|K01955|K01956|K01961|K01962|K01963|K02093|K02108|K02110|K02111|K02112|K02114|K02115|K02188|K02224|K02227|K02230|K02232|K02257|K02259|K02274|K02276|K02291|K02293|K02294|K02303|K02337|K02338|K02340|K02343|K02372|K02377|K02433|K02434|K02435|K02437|K02492|K02500|K02501|K02535|K02536|K02548|K02563|K02634|K02635|K02636|K02637|K02640|K02641|K02689|K02690|K02691|K02692|K02693|K02694|K02697|K02698|K02699|K02703|K02704|K02705|K02706|K02707|K02708|K02709|K02710|K02711|K02712|K02713|K02714|K02825|K03040|K03043|K03046|K03060|K03147|K03149|K03179|K03181|K03182|K03183|K03186|K03394|K03403|K03404|K03405|K03428|K03431|K03474|K03517|K03526|K03527|K03621|K03635|K03637|K03638|K03639|K03644|K03689|K03696|K03737|K03786|K03787|K03795|K03801|K03841|K04035|K04037|K04038|K04039|K04040|K04042|K04487|K04518|K05275|K05572|K05573|K05574|K05575|K05576|K05577|K05578|K05579|K05580|K05581|K05582|K05583|K05584|K05585|K05586|K05587|K05588|K05936|K06042|K06208|K06920|K07106|K08289|K08678|K08679|K08903|K08963|K08964|K08967|K09457|K09458|K09835|K09880|K09903|K10026|K10206|K10536|K10960|K11175|K11473|K11532|K11717|K11752|K11755|K13038|K13541|K13789|K13821|K14605|K14606|K14652|K15633|K16149|K16881|K17108|K18010|K19221|K21071|K21231|K22305]	[625]	[K00005|K00012|K00013|K00014|K00016|K00024|K00029|K00031|K00033|K00036|K00040|K00041|K00042|K00052|K00053|K00058|K00059|K00075|K00077|K00087|K00088|K00090|K00097|K00099|K00101|K00104|K00116|K00117|K00121|K00123|K00124|K00127|K00133|K00134|K00135|K00137|K00138|K00145|K00147|K00163|K00164|K00208|K00215|K00228|K00230|K00239|K00240|K00241|K00242|K00244|K00245|K00246|K00247|K00254|K00262|K00265|K00266|K00275|K00278|K00281|K00286|K00287|K00297|K00322|K00324|K00325|K00330|K00331|K00334|K00335|K00336|K00337|K00338|K00339|K00340|K00341|K00342|K00343|K00380|K00381|K00382|K00385|K00390|K00425|K00426|K00450|K00508|K00525|K00526|K00548|K00549|K00558|K00560|K00568|K00600|K00602|K00605|K00606|K00609|K00610|K00611|K00615|K00616|K00626|K00627|K00631|K00632|K00640|K00645|K00647|K00648|K00651|K00652|K00655|K00656|K00657|K00658|K00673|K00674|K00677|K00681|K00688|K00697|K00700|K00703|K00705|K00748|K00757|K00758|K00759|K00760|K00761|K00762|K00763|K00764|K00765|K00767|K00768|K00769|K00788|K00789|K00790|K00791|K00793|K00794|K00795|K00796|K00797|K00800|K00813|K00817|K00820|K00821|K00823|K00826|K00831|K00832|K00833|K00835|K00840|K00845|K00847|K00849|K00850|K00851|K00853|K00855|K00857|K00858|K00859|K00860|K00864|K00865|K00867|K00868|K00872|K00873|K00874|K00876|K00878|K00884|K00885|K00891|K00901|K00912|K00919|K00925|K00926|K00927|K00928|K00930|K00931|K00932|K00939|K00940|K00941|K00942|K00943|K00945|K00946|K00948|K00950|K00954|K00956|K00957|K00963|K00965|K00968|K00969|K00971|K00975|K00979|K00981|K00991|K00995|K00998|K01000|K01002|K01007|K01008|K01011|K01012|K01026|K01034|K01035|K01058|K01061|K01077|K01079|K01082|K01087|K01089|K01091|K01092|K01093|K01095|K01096|K01176|K01187|K01190|K01194|K01207|K01243|K01255|K01256|K01270|K01424|K01425|K01438|K01439|K01460|K01464|K01465|K01480|K01484|K01486|K01487|K01488|K01489|K01491|K01494|K01495|K01497|K01520|K01579|K01580|K01581|K01582|K01584|K01585|K01586|K01588|K01589|K01591|K01595|K01599|K01608|K01610|K01611|K01613|K01620|K01624|K01625|K01626|K01627|K01633|K01637|K01638|K01647|K01649|K01652|K01653|K01657|K01661|K01662|K01676|K01679|K01681|K01682|K01685|K01686|K01687|K01689|K01690|K01695|K01696|K01698|K01703|K01704|K01711|K01714|K01716|K01719|K01733|K01735|K01736|K01737|K01738|K01739|K01744|K01749|K01752|K01754|K01755|K01756|K01760|K01770|K01772|K01775|K01776|K01778|K01782|K01783|K01784|K01785|K01791|K01792|K01801|K01803|K01804|K01807|K01808|K01809|K01810|K01812|K01814|K01816|K01821|K01823|K01825|K01834|K01835|K01840|K01845|K01847|K01885|K01886|K01895|K01897|K01902|K01903|K01908|K01911|K01914|K01915|K01916|K01918|K01919|K01920|K01921|K01923|K01924|K01925|K01929|K01933|K01934|K01935|K01937|K01939|K01940|K01945|K01951|K01952|K01953|K01955|K01956|K01961|K01962|K01963|K02108|K02109|K02110|K02111|K02112|K02113|K02114|K02115|K02160|K02169|K02170|K02226|K02231|K02233|K02257|K02297|K02298|K02299|K02300|K02302|K02335|K02337|K02338|K02339|K02340|K02341|K02342|K02343|K02344|K02345|K02361|K02372|K02377|K02437|K02438|K02446|K02492|K02495|K02496|K02500|K02501|K02517|K02527|K02535|K02536|K02548|K02549|K02551|K02552|K02560|K02563|K02564|K02770|K02794|K02795|K02796|K02821|K02822|K02840|K02841|K02843|K02844|K02847|K02848|K02849|K02850|K02858|K03040|K03043|K03046|K03060|K03077|K03078|K03079|K03147|K03148|K03149|K03150|K03151|K03179|K03181|K03182|K03183|K03184|K03185|K03186|K03269|K03270|K03271|K03272|K03273|K03274|K03275|K03276|K03280|K03426|K03431|K03472|K03473|K03474|K03475|K03476|K03517|K03524|K03526|K03527|K03621|K03635|K03637|K03638|K03639|K03644|K03735|K03736|K03737|K03750|K03752|K03782|K03784|K03785|K03787|K03788|K03800|K03801|K03815|K03831|K03841|K04019|K04020|K04021|K04022|K04032|K04042|K04072|K04487|K04765|K05275|K05349|K05366|K05368|K05526|K05878|K05879|K05881|K05887|K06041|K06131|K06132|K06211|K06445|K06447|K06879|K06920|K06949|K07106|K07127|K07173|K07232|K07250|K07251|K07258|K07404|K07751|K08281|K08289|K08302|K08310|K08322|K08323|K08324|K08351|K08591|K08680|K08722|K08723|K09251|K09458|K09470|K09471|K09472|K09473|K09903|K09913|K10026|K11175|K11258|K11472|K11473|K11645|K11717|K11751|K11752|K11753|K11754|K11755|K12111|K12112|K12339|K12524|K12525|K12972|K13038|K13378|K13479|K13480|K13497|K13498|K13788|K13821|K13938|K13953|K13954|K14155|K14170|K14187|K14260|K14682|K15633|K15634|K16066|K16165|K16370|K16371|K16950|K16951|K17722|K17723|K18800|K19221|K19222|K19709|K19745|K20861|K20862|K20881|K21636]	
map01110	Biosynthesis of secondary metabolites	[187]	[K00003|K00013|K00024|K00031|K00033|K00036|K00052|K00053|K00057|K00088|K00099|K00104|K00121|K00133|K00134|K00145|K00147|K00150|K00161|K00162|K00215|K00218|K00228|K00239|K00240|K00241|K00266|K00281|K00286|K00382|K00514|K00548|K00588|K00600|K00602|K00605|K00606|K00611|K00615|K00616|K00620|K00627|K00640|K00655|K00688|K00700|K00703|K00764|K00765|K00766|K00789|K00791|K00794|K00800|K00801|K00806|K00812|K00821|K00826|K00830|K00845|K00872|K00873|K00927|K00928|K00930|K00939|K00940|K00948|K00966|K00971|K00975|K00981|K00991|K01057|K01061|K01424|K01586|K01588|K01599|K01609|K01620|K01624|K01626|K01647|K01649|K01652|K01653|K01657|K01658|K01661|K01662|K01682|K01687|K01689|K01693|K01695|K01696|K01698|K01703|K01704|K01714|K01733|K01735|K01736|K01738|K01749|K01755|K01756|K01770|K01772|K01778|K01783|K01803|K01807|K01809|K01810|K01814|K01823|K01835|K01845|K01885|K01895|K01923|K01933|K01940|K01945|K01952|K01961|K01962|K01963|K02257|K02259|K02291|K02293|K02294|K02303|K02437|K02492|K02500|K02501|K02548|K03179|K03181|K03182|K03183|K03186|K03403|K03404|K03405|K03428|K03526|K03527|K03621|K03737|K03786|K03787|K03841|K04035|K04037|K04038|K04039|K04040|K04518|K05356|K05371|K06045|K06208|K08289|K09835|K10206|K10960|K11175|K11473|K11532|K11752|K11755|K13789|K13821|K14605|K14606|K14652|K15633|K16149|K16881|K18010|K21071]	[272]	[K00013|K00014|K00016|K00024|K00031|K00033|K00036|K00052|K00053|K00057|K00077|K00088|K00090|K00099|K00104|K00111|K00112|K00113|K00116|K00117|K00121|K00133|K00134|K00138|K00145|K00147|K00163|K00164|K00215|K00216|K00228|K00230|K00239|K00240|K00241|K00242|K00244|K00245|K00246|K00247|K00265|K00266|K00281|K00286|K00382|K00548|K00549|K00568|K00600|K00602|K00605|K00606|K00611|K00615|K00616|K00626|K00627|K00631|K00632|K00640|K00651|K00655|K00658|K00688|K00700|K00703|K00760|K00764|K00765|K00769|K00789|K00791|K00793|K00794|K00795|K00800|K00806|K00813|K00817|K00821|K00826|K00832|K00835|K00845|K00850|K00851|K00872|K00873|K00891|K00901|K00919|K00927|K00928|K00930|K00939|K00940|K00948|K00971|K00975|K00981|K00991|K00998|K01058|K01061|K01089|K01091|K01252|K01424|K01438|K01497|K01521|K01579|K01580|K01581|K01582|K01586|K01588|K01589|K01599|K01610|K01613|K01620|K01624|K01626|K01637|K01638|K01647|K01649|K01652|K01653|K01657|K01661|K01662|K01676|K01679|K01681|K01682|K01687|K01689|K01695|K01696|K01698|K01703|K01704|K01714|K01719|K01733|K01735|K01736|K01738|K01739|K01749|K01752|K01754|K01755|K01756|K01760|K01770|K01772|K01778|K01782|K01783|K01785|K01792|K01803|K01807|K01808|K01809|K01810|K01814|K01823|K01825|K01834|K01835|K01840|K01845|K01885|K01895|K01902|K01903|K01911|K01914|K01918|K01923|K01933|K01940|K01945|K01952|K01953|K01961|K01962|K01963|K02160|K02257|K02302|K02361|K02362|K02363|K02364|K02437|K02439|K02446|K02492|K02495|K02496|K02500|K02501|K02523|K02548|K02549|K02551|K02552|K02858|K03179|K03181|K03182|K03183|K03184|K03185|K03186|K03526|K03527|K03621|K03737|K03782|K03784|K03785|K03787|K03809|K03815|K03841|K04022|K04072|K05349|K05887|K07404|K08289|K08591|K08680|K08723|K09913|K11175|K11258|K11472|K11473|K11645|K11751|K11752|K11753|K11755|K12339|K12524|K12525|K12972|K13497|K13498|K13821|K13953|K13954|K14155|K14170|K14187|K14260|K14682|K15633|K15634|K16370|K18800|K19222|K20861|K20862|K20881]	
map01120	Microbial metabolism in diverse environments	[95]	[K00003|K00024|K00031|K00033|K00036|K00058|K00104|K00121|K00133|K00134|K00135|K00150|K00161|K00162|K00215|K00239|K00240|K00241|K00266|K00275|K00284|K00297|K00366|K00367|K00382|K00390|K00392|K00600|K00615|K00616|K00627|K00640|K00821|K00830|K00845|K00855|K00860|K00872|K00873|K00927|K00928|K00948|K00958|K01007|K01057|K01061|K01070|K01082|K01426|K01428|K01429|K01430|K01491|K01586|K01595|K01601|K01602|K01620|K01624|K01647|K01682|K01689|K01698|K01714|K01733|K01738|K01749|K01778|K01783|K01803|K01807|K01810|K01835|K01845|K01885|K01895|K01915|K01961|K01962|K01963|K02303|K02492|K03186|K03737|K03841|K05275|K05979|K10680|K11473|K11532|K11780|K11781|K15633|K21071|K22305]	[206]	[K00016|K00024|K00029|K00031|K00033|K00036|K00048|K00058|K00087|K00090|K00104|K00116|K00121|K00123|K00124|K00127|K00133|K00134|K00135|K00138|K00163|K00164|K00215|K00239|K00240|K00241|K00242|K00244|K00245|K00246|K00247|K00265|K00266|K00275|K00297|K00362|K00363|K00370|K00371|K00374|K00380|K00381|K00382|K00385|K00390|K00450|K00600|K00615|K00616|K00626|K00627|K00632|K00640|K00656|K00658|K00674|K00821|K00823|K00831|K00845|K00850|K00851|K00855|K00860|K00865|K00872|K00873|K00874|K00879|K00881|K00925|K00926|K00927|K00928|K00948|K00956|K00957|K01007|K01011|K01026|K01034|K01035|K01061|K01070|K01079|K01082|K01085|K01439|K01491|K01512|K01580|K01586|K01595|K01610|K01612|K01620|K01624|K01625|K01628|K01637|K01638|K01647|K01676|K01679|K01681|K01682|K01689|K01690|K01698|K01714|K01719|K01733|K01734|K01738|K01749|K01778|K01782|K01783|K01785|K01792|K01801|K01803|K01807|K01808|K01810|K01818|K01821|K01825|K01834|K01835|K01845|K01847|K01885|K01895|K01902|K01903|K01915|K01961|K01962|K01963|K02160|K02302|K02439|K02446|K02492|K02496|K02567|K02568|K02770|K02821|K02822|K03077|K03078|K03079|K03186|K03385|K03475|K03476|K03562|K03737|K03777|K03778|K03841|K04021|K04022|K04072|K05275|K05523|K06193|K06281|K06282|K07127|K07250|K07404|K08324|K08353|K08354|K10678|K10679|K10680|K11472|K11473|K11645|K12339|K12524|K12525|K12660|K12661|K12972|K13479|K13480|K13788|K13953|K13954|K15633|K15634|K16044|K16165|K16370|K16950|K16951|K17195|K19709|K20866|K21759|K22270]	
map01130	Biosynthesis of antibiotics	[126]	[K00003|K00024|K00031|K00033|K00036|K00053|K00058|K00059|K00099|K00104|K00121|K00133|K00134|K00145|K00147|K00150|K00161|K00162|K00208|K00215|K00239|K00240|K00241|K00266|K00281|K00286|K00382|K00600|K00602|K00605|K00611|K00615|K00616|K00620|K00627|K00645|K00764|K00766|K00800|K00801|K00812|K00820|K00821|K00826|K00830|K00845|K00873|K00927|K00928|K00930|K00931|K00939|K00940|K00948|K00958|K00973|K00991|K01057|K01061|K01082|K01443|K01586|K01588|K01609|K01620|K01624|K01626|K01647|K01652|K01653|K01657|K01658|K01662|K01682|K01687|K01689|K01695|K01696|K01710|K01714|K01735|K01736|K01738|K01755|K01756|K01770|K01778|K01783|K01790|K01803|K01807|K01809|K01810|K01823|K01835|K01895|K01923|K01933|K01940|K01945|K01952|K01961|K01962|K01963|K02078|K02437|K03431|K03526|K03527|K03737|K03786|K03841|K04042|K04518|K06208|K08289|K10206|K11175|K11473|K11532|K13789|K13821|K15633|K16881|K21071|K22305]	[187]	[K00014|K00016|K00024|K00031|K00033|K00036|K00053|K00058|K00059|K00067|K00099|K00104|K00116|K00117|K00121|K00133|K00134|K00145|K00147|K00163|K00164|K00208|K00215|K00216|K00239|K00240|K00241|K00242|K00244|K00245|K00246|K00247|K00265|K00266|K00281|K00286|K00382|K00600|K00602|K00605|K00611|K00615|K00616|K00626|K00627|K00632|K00645|K00651|K00658|K00764|K00795|K00800|K00813|K00817|K00820|K00821|K00826|K00831|K00832|K00835|K00845|K00850|K00851|K00865|K00873|K00891|K00919|K00927|K00928|K00930|K00931|K00939|K00940|K00948|K00956|K00957|K00963|K00973|K00991|K01061|K01079|K01082|K01091|K01252|K01438|K01443|K01581|K01586|K01588|K01589|K01610|K01620|K01624|K01626|K01647|K01652|K01653|K01657|K01662|K01676|K01679|K01681|K01682|K01687|K01689|K01695|K01696|K01710|K01714|K01735|K01736|K01738|K01739|K01752|K01754|K01755|K01756|K01770|K01778|K01782|K01783|K01785|K01790|K01792|K01803|K01807|K01808|K01809|K01810|K01823|K01825|K01834|K01835|K01840|K01895|K01902|K01903|K01923|K01933|K01940|K01945|K01952|K01961|K01962|K01963|K02078|K02160|K02361|K02362|K02363|K02364|K02437|K02446|K02552|K03431|K03526|K03527|K03737|K03785|K03823|K03841|K04022|K04042|K04072|K05887|K07404|K08289|K11175|K11258|K11472|K11473|K11645|K12339|K12524|K12525|K13497|K13498|K13821|K13953|K13954|K14170|K14187|K14260|K14682|K15633|K15634|K16370]	
map01200	Carbon metabolism	[54]	[K00024|K00027|K00031|K00033|K00036|K00058|K00121|K00134|K00150|K00161|K00162|K00239|K00240|K00241|K00281|K00297|K00382|K00600|K00605|K00615|K00616|K00627|K00640|K00830|K00845|K00855|K00873|K00927|K00948|K01007|K01057|K01070|K01491|K01595|K01601|K01602|K01624|K01647|K01682|K01689|K01738|K01783|K01803|K01807|K01810|K01895|K01961|K01962|K01963|K02437|K03737|K03841|K11532|K15633]	[93]	[K00024|K00027|K00029|K00031|K00033|K00036|K00058|K00116|K00121|K00123|K00124|K00127|K00134|K00163|K00164|K00239|K00240|K00241|K00242|K00244|K00245|K00246|K00247|K00281|K00297|K00382|K00600|K00605|K00615|K00616|K00626|K00627|K00640|K00658|K00831|K00845|K00850|K00851|K00855|K00873|K00874|K00925|K00926|K00927|K00948|K01007|K01070|K01079|K01491|K01595|K01610|K01624|K01625|K01637|K01638|K01647|K01676|K01679|K01681|K01682|K01689|K01690|K01715|K01738|K01752|K01754|K01782|K01783|K01803|K01807|K01808|K01810|K01825|K01834|K01847|K01895|K01902|K01903|K01961|K01962|K01963|K02160|K02437|K02446|K03737|K03841|K07404|K11645|K12339|K13788|K15633|K15634|K16370]	
map01210	2-Oxocarboxylic acid metabolism	[19]	[K00031|K00052|K00053|K00133|K00145|K00620|K00812|K00821|K00826|K00928|K00930|K01647|K01649|K01652|K01653|K01682|K01687|K01703|K01704]	[23]	[K00031|K00052|K00053|K00133|K00145|K00813|K00821|K00826|K00928|K00930|K01438|K01647|K01649|K01652|K01653|K01681|K01682|K01687|K01703|K01704|K11258|K14260|K14682]	
map01212	Fatty acid metabolism	[10]	[K00059|K00208|K00507|K00645|K00648|K01961|K01962|K01963|K02372|K09458]	[18]	[K00059|K00208|K00626|K00632|K00645|K00647|K00648|K01716|K01782|K01825|K01897|K01961|K01962|K01963|K02160|K02372|K06445|K09458]	
map01220	Degradation of aromatic compounds	[2]	[K00121|K03186]	[8]	[K00121|K01612|K01821|K03186|K04072|K13953|K13954|K21759]	
map01230	Biosynthesis of amino acids	[75]	[K00003|K00013|K00031|K00052|K00053|K00058|K00133|K00134|K00145|K00147|K00150|K00215|K00266|K00286|K00548|K00600|K00611|K00615|K00616|K00620|K00640|K00765|K00766|K00789|K00800|K00812|K00821|K00826|K00872|K00873|K00927|K00928|K00930|K00931|K00948|K01586|K01609|K01620|K01624|K01626|K01647|K01649|K01652|K01653|K01657|K01658|K01682|K01687|K01689|K01693|K01695|K01696|K01703|K01704|K01714|K01733|K01735|K01736|K01738|K01755|K01778|K01783|K01803|K01807|K01814|K01915|K01940|K02500|K02501|K03786|K04518|K06208|K10206|K11755|K15633]	[103]	[K00013|K00014|K00031|K00052|K00053|K00058|K00133|K00134|K00145|K00147|K00215|K00265|K00266|K00286|K00548|K00549|K00600|K00611|K00615|K00616|K00640|K00651|K00674|K00765|K00789|K00800|K00813|K00817|K00821|K00826|K00831|K00832|K00850|K00872|K00873|K00891|K00927|K00928|K00930|K00931|K00948|K01079|K01089|K01243|K01438|K01439|K01586|K01620|K01624|K01626|K01647|K01649|K01652|K01653|K01657|K01681|K01682|K01687|K01689|K01695|K01696|K01703|K01704|K01714|K01733|K01735|K01736|K01738|K01739|K01752|K01754|K01755|K01760|K01778|K01783|K01803|K01807|K01808|K01814|K01834|K01914|K01915|K01940|K02500|K02501|K03785|K07173|K11258|K11645|K11755|K12339|K12524|K12525|K13497|K13498|K14155|K14170|K14187|K14260|K14682|K15633|K15634|K16370]	
map01501	beta-Lactam resistance	[1]	[K05515]	[17]	[K01207|K01467|K03585|K03587|K05366|K05515|K08218|K09475|K09476|K10823|K12340|K15580|K15581|K15582|K15583|K18138|K18139]	
map01502	Vancomycin resistance	[4]	[K01000|K01775|K01921|K02563]	[5]	[K01000|K01775|K01921|K01929|K02563]	
map01503	Cationic antimicrobial peptide (CAMP) resistance	[0]	[ ]	[33]	[K00677|K01448|K03585|K03673|K03760|K03767|K04771|K06079|K07264|K07637|K07640|K07643|K07660|K07662|K07771|K07806|K10011|K10012|K12340|K12962|K12963|K12973|K12975|K13014|K13632|K18138|K19226|K19227|K19228|K19229|K19230|K19236|K19238]	
map01521	EGFR tyrosine kinase inhibitor resistance	[0]	[ ]	[0]	[ ]	
map01522	Endocrine resistance	[0]	[ ]	[0]	[ ]	
map01523	Antifolate resistance	[4]	[K00297|K00560|K00600|K00602]	[5]	[K00287|K00297|K00560|K00600|K00602]	
map01524	Platinum drug resistance	[2]	[K00799|K17686]	[2]	[K00799|K17686]	
map02010	ABC transporters	[53]	[K02006|K02011|K02012|K02013|K02015|K02016|K02036|K02037|K02038|K02040|K02041|K02042|K02044|K02065|K02066|K02471|K03523|K05845|K05846|K05847|K06160|K06861|K09690|K09691|K09694|K09695|K09812|K09969|K09971|K09972|K10112|K10233|K10234|K11070|K11071|K11072|K11953|K11959|K11960|K11961|K11962|K11963|K15576|K15577|K15578|K16785|K16786|K16787|K17244|K17245|K17246|K18889|K18890]	[142]	[K01995|K01996|K01997|K01998|K01999|K02000|K02001|K02002|K02013|K02015|K02016|K02017|K02018|K02020|K02036|K02037|K02038|K02040|K02041|K02045|K02046|K02047|K02048|K02062|K02063|K02064|K02065|K02066|K02067|K02071|K02072|K02073|K02193|K02194|K02195|K02196|K02424|K05685|K05776|K05813|K05814|K05815|K05816|K05845|K05846|K05847|K06073|K06074|K06159|K06726|K06858|K06861|K07091|K07122|K07323|K09808|K09810|K09811|K09812|K09815|K09816|K09817|K09996|K09997|K09998|K09999|K10000|K10001|K10002|K10003|K10004|K10009|K10010|K10013|K10014|K10015|K10016|K10017|K10036|K10037|K10038|K10108|K10109|K10110|K10111|K10439|K10440|K10441|K10537|K10538|K10539|K10540|K10541|K10542|K10549|K10550|K10551|K10823|K10824|K10831|K11069|K11070|K11071|K11072|K11073|K11074|K11075|K11076|K11085|K11720|K12368|K12369|K12370|K12371|K12372|K13889|K13890|K13891|K13892|K13893|K13894|K13895|K13896|K15551|K15552|K15580|K15581|K15582|K15583|K15584|K15585|K15586|K15587|K16012|K16013|K18889|K18890|K19226|K19227|K19228|K19229|K19230]	
map02020	Two-component system	[24]	[K00027|K00425|K00426|K01915|K02040|K02259|K02313|K02650|K02657|K02658|K02659|K03406|K04751|K06596|K07657|K07769|K10697|K10914|K11326|K11329|K11332|K11520|K11521|K11523]	[131]	[K00027|K00244|K00245|K00246|K00247|K00370|K00371|K00373|K00374|K00424|K00425|K00426|K00626|K00990|K01034|K01035|K01077|K01467|K01546|K01547|K01548|K01643|K01644|K01646|K01910|K01915|K02040|K02106|K02313|K02398|K02402|K02403|K02405|K02406|K02556|K03092|K03407|K03412|K03532|K03533|K03563|K03620|K04751|K04771|K05875|K05964|K05966|K06080|K07636|K07637|K07638|K07639|K07640|K07641|K07642|K07643|K07644|K07645|K07646|K07647|K07648|K07657|K07659|K07660|K07661|K07662|K07663|K07664|K07665|K07666|K07667|K07673|K07674|K07675|K07676|K07677|K07678|K07684|K07685|K07686|K07687|K07688|K07689|K07700|K07701|K07702|K07703|K07708|K07709|K07710|K07711|K07712|K07713|K07714|K07715|K07771|K07772|K07773|K07780|K07782|K07783|K07784|K07787|K07788|K07789|K07792|K07796|K07798|K07799|K07803|K07806|K07810|K07811|K08348|K08349|K08350|K09475|K09476|K09477|K10001|K10002|K10003|K10004|K10125|K10126|K10914|K11103|K12340|K18324|K18326|K19611]	
map02024	Quorum sensing	[17]	[K01626|K01657|K01658|K02032|K02033|K02034|K02035|K03070|K03073|K03075|K03076|K03100|K03106|K03110|K03217|K10914|K11752]	[53]	[K01497|K01580|K01626|K01657|K01897|K01995|K01996|K01997|K01998|K01999|K02031|K02032|K02033|K02034|K02035|K02052|K02053|K02054|K02055|K02402|K02403|K03070|K03071|K03073|K03075|K03076|K03100|K03106|K03110|K03210|K03217|K03666|K07173|K07645|K07666|K07667|K07711|K07715|K07782|K09823|K09936|K10823|K10914|K11749|K11752|K12789|K14051|K15580|K15581|K15582|K15583|K18139|K20265]	
map02025	Biofilm formation - Pseudomonas aeruginosa	[8]	[K01657|K01658|K01768|K02657|K02658|K02659|K06596|K10914]	[10]	[K01657|K02398|K02405|K03563|K03651|K07678|K07689|K10914|K21021|K21023]	
map02026	Biofilm formation - Escherichia coli	[5]	[K00688|K00703|K00975|K03087|K10914]	[42]	[K00688|K00703|K00975|K01991|K02398|K02402|K02403|K02405|K02425|K02777|K03087|K03563|K03566|K03567|K04333|K04334|K04335|K04336|K04761|K05851|K06204|K07173|K07638|K07648|K07659|K07676|K07677|K07678|K07687|K07689|K07773|K07782|K10914|K14051|K18968|K21084|K21085|K21086|K21087|K21088|K21089|K21090]	
map02030	Bacterial chemotaxis	[1]	[K03406]	[12]	[K02410|K02416|K02417|K02556|K02557|K03407|K03412|K05875|K10108|K10439|K10540|K12368]	
map02040	Flagellar assembly	[0]	[ ]	[37]	[K02386|K02387|K02388|K02389|K02390|K02391|K02392|K02393|K02394|K02396|K02397|K02398|K02399|K02400|K02401|K02402|K02403|K02405|K02406|K02407|K02408|K02409|K02410|K02411|K02412|K02413|K02414|K02416|K02417|K02418|K02419|K02420|K02421|K02422|K02423|K02556|K02557]	
map02060	Phosphotransferase system (PTS)	[0]	[ ]	[36]	[K02744|K02745|K02746|K02747|K02750|K02759|K02760|K02761|K02770|K02777|K02779|K02784|K02791|K02794|K02795|K02796|K02798|K02800|K02804|K02806|K02812|K02813|K02814|K02815|K02819|K02821|K02822|K03475|K08483|K08484|K08485|K10984|K10985|K10986|K11183|K11192]	
map03008	Ribosome biogenesis in eukaryotes	[1]	[K03685]	[2]	[K03685|K13288]	
map03010	Ribosome	[50]	[K02863|K02864|K02867|K02871|K02874|K02876|K02878|K02879|K02881|K02884|K02886|K02887|K02888|K02890|K02892|K02895|K02899|K02902|K02904|K02906|K02909|K02911|K02913|K02916|K02926|K02931|K02933|K02935|K02939|K02945|K02946|K02948|K02950|K02952|K02954|K02956|K02959|K02961|K02963|K02965|K02967|K02968|K02970|K02982|K02986|K02988|K02990|K02992|K02994|K02996]	[54]	[K02863|K02864|K02867|K02871|K02874|K02876|K02878|K02879|K02881|K02884|K02886|K02887|K02888|K02890|K02892|K02895|K02897|K02899|K02902|K02904|K02906|K02907|K02909|K02911|K02913|K02914|K02916|K02919|K02926|K02931|K02933|K02935|K02939|K02945|K02946|K02948|K02950|K02952|K02954|K02956|K02959|K02961|K02963|K02965|K02967|K02968|K02970|K02982|K02986|K02988|K02990|K02992|K02994|K02996]	
map03013	RNA transport	[3]	[K00784|K00974|K03113]	[3]	[K00784|K00974|K03113]	
map03015	mRNA surveillance pathway	[0]	[ ]	[0]	[ ]	
map03018	RNA degradation	[11]	[K00937|K00962|K01689|K03654|K04043|K04077|K05592|K08300|K12573|K12574|K22468]	[16]	[K00850|K00937|K00962|K00970|K01689|K03628|K03654|K03666|K03732|K04043|K04077|K05592|K08300|K08311|K11927|K12573]	
map03020	RNA polymerase	[4]	[K03040|K03043|K03046|K03060]	[4]	[K03040|K03043|K03046|K03060]	
map03022	Basal transcription factors	[0]	[ ]	[0]	[ ]	
map03030	DNA replication	[9]	[K01972|K02314|K02337|K02338|K02340|K02343|K03111|K03469|K03470]	[16]	[K01972|K02314|K02316|K02335|K02337|K02338|K02339|K02340|K02341|K02342|K02343|K02344|K02345|K03111|K03469|K03470]	
map03040	Spliceosome	[0]	[ ]	[0]	[ ]	
map03050	Proteasome	[0]	[ ]	[0]	[ ]	
map03060	Protein export	[13]	[K03070|K03072|K03073|K03074|K03075|K03076|K03100|K03101|K03106|K03110|K03116|K03118|K03217]	[18]	[K03070|K03071|K03072|K03073|K03074|K03075|K03076|K03100|K03101|K03106|K03110|K03116|K03117|K03118|K03210|K03217|K03425|K13301]	
map03070	Bacterial secretion system	[12]	[K02454|K03070|K03072|K03073|K03074|K03075|K03076|K03106|K03110|K03116|K03118|K03217]	[31]	[K02452|K02453|K02454|K02455|K02456|K02459|K02461|K02462|K03070|K03071|K03072|K03073|K03074|K03075|K03076|K03106|K03110|K03116|K03117|K03118|K03210|K03217|K03219|K03221|K03224|K03225|K03230|K03425|K11904|K12340|K13301]	
map03320	PPAR signaling pathway	[1]	[K00507]	[2]	[K00864|K01897]	
map03410	Base excision repair	[6]	[K01142|K01972|K03575|K10563|K10773|K21929]	[13]	[K01142|K01151|K01246|K01247|K01972|K02335|K03575|K03648|K03649|K05522|K07462|K10563|K10773]	
map03420	Nucleotide excision repair	[6]	[K01972|K03657|K03701|K03702|K03703|K03723]	[7]	[K01972|K02335|K03657|K03701|K03702|K03703|K03723]	
map03430	Mismatch repair	[12]	[K01972|K02337|K02338|K02340|K02343|K03111|K03555|K03572|K03602|K03657|K06223|K07456]	[21]	[K01141|K01972|K02337|K02338|K02339|K02340|K02341|K02342|K02343|K02344|K02345|K03111|K03555|K03572|K03573|K03601|K03602|K03657|K06223|K07462|K10857]	
map03440	Homologous recombination	[12]	[K01159|K02337|K02338|K02340|K02343|K03111|K03550|K03551|K03553|K03655|K04066|K06187]	[27]	[K01159|K02317|K02335|K02337|K02338|K02339|K02340|K02341|K02342|K02343|K02344|K02345|K02686|K03111|K03550|K03551|K03553|K03581|K03582|K03583|K03584|K03629|K03655|K04066|K04067|K06187|K07462]	
map03450	Non-homologous end-joining	[0]	[ ]	[0]	[ ]	
map03460	Fanconi anemia pathway	[0]	[ ]	[0]	[ ]	
map04010	MAPK signaling pathway	[0]	[ ]	[0]	[ ]	
map04011	MAPK signaling pathway - yeast	[0]	[ ]	[0]	[ ]	
map04012	ErbB signaling pathway	[0]	[ ]	[0]	[ ]	
map04013	MAPK signaling pathway - fly	[1]	[K04564]	[1]	[K04564]	
map04014	Ras signaling pathway	[0]	[ ]	[0]	[ ]	
map04015	Rap1 signaling pathway	[0]	[ ]	[0]	[ ]	
map04016	MAPK signaling pathway - plant	[2]	[K00940|K17686]	[2]	[K00940|K17686]	
map04020	Calcium signaling pathway	[1]	[K09565]	[0]	[ ]	
map04022	cGMP-PKG signaling pathway	[1]	[K09565]	[0]	[ ]	
map04024	cAMP signaling pathway	[0]	[ ]	[0]	[ ]	
map04060	Cytokine-cytokine receptor interaction	[0]	[ ]	[0]	[ ]	
map04062	Chemokine signaling pathway	[0]	[ ]	[0]	[ ]	
map04064	NF-kappa B signaling pathway	[0]	[ ]	[0]	[ ]	
map04066	HIF-1 signaling pathway	[4]	[K00134|K00161|K00162|K01689]	[2]	[K00134|K01689]	
map04068	FoxO signaling pathway	[1]	[K04564]	[1]	[K04564]	
map04070	Phosphatidylinositol signaling system	[2]	[K00981|K01092]	[3]	[K00901|K00981|K01092]	
map04071	Sphingolipid signaling pathway	[0]	[ ]	[0]	[ ]	
map04072	Phospholipase D signaling pathway	[0]	[ ]	[1]	[K00901]	
map04075	Plant hormone signal transduction	[0]	[ ]	[0]	[ ]	
map04080	Neuroactive ligand-receptor interaction	[1]	[K05770]	[0]	[ ]	
map04110	Cell cycle	[0]	[ ]	[0]	[ ]	
map04111	Cell cycle - yeast	[0]	[ ]	[0]	[ ]	
map04112	Cell cycle - Caulobacter	[8]	[K01338|K01358|K02313|K02314|K02563|K03531|K03544|K03588]	[11]	[K01338|K01358|K02313|K02314|K02563|K03531|K03544|K03588|K03589|K03590|K11749]	
map04113	Meiosis - yeast	[1]	[K01768]	[0]	[ ]	
map04114	Oocyte meiosis	[0]	[ ]	[0]	[ ]	
map04115	p53 signaling pathway	[0]	[ ]	[0]	[ ]	
map04120	Ubiquitin mediated proteolysis	[0]	[ ]	[0]	[ ]	
map04122	Sulfur relay system	[8]	[K00566|K03154|K03635|K03636|K03637|K03639|K04487|K21147]	[18]	[K00566|K01011|K03148|K03151|K03154|K03635|K03636|K03637|K03639|K03831|K04085|K04487|K07235|K07236|K07237|K11179|K21028|K21029]	
map04130	SNARE interactions in vesicular transport	[0]	[ ]	[0]	[ ]	
map04136	Autophagy - other	[0]	[ ]	[0]	[ ]	
map04137	Mitophagy - animal	[0]	[ ]	[0]	[ ]	
map04138	Autophagy - yeast	[0]	[ ]	[0]	[ ]	
map04139	Mitophagy - yeast	[0]	[ ]	[0]	[ ]	
map04140	Autophagy - animal	[0]	[ ]	[0]	[ ]	
map04141	Protein processing in endoplasmic reticulum	[2]	[K04079|K13525]	[1]	[K04079]	
map04142	Lysosome	[0]	[ ]	[0]	[ ]	
map04144	Endocytosis	[0]	[ ]	[0]	[ ]	
map04145	Phagosome	[0]	[ ]	[0]	[ ]	
map04146	Peroxisome	[3]	[K00031|K00830|K04564]	[5]	[K00031|K01897|K03426|K04564|K04565]	
map04150	mTOR signaling pathway	[0]	[ ]	[0]	[ ]	
map04151	PI3K-Akt signaling pathway	[1]	[K04079]	[1]	[K04079]	
map04152	AMPK signaling pathway	[2]	[K00507|K03841]	[2]	[K00850|K03841]	
map04210	Apoptosis	[0]	[ ]	[0]	[ ]	
map04211	Longevity regulating pathway	[1]	[K04564]	[1]	[K04564]	
map04212	Longevity regulating pathway - worm	[5]	[K00507|K01358|K04043|K04077|K04564]	[4]	[K01358|K04043|K04077|K04564]	
map04213	Longevity regulating pathway - multiple species	[3]	[K01768|K03695|K04564]	[3]	[K03695|K04564|K04565]	
map04214	Apoptosis - fly	[2]	[K03386|K05770]	[1]	[K03386]	
map04215	Apoptosis - multiple species	[0]	[ ]	[0]	[ ]	
map04216	Ferroptosis	[0]	[ ]	[2]	[K00657|K01897]	
map04217	Necroptosis	[3]	[K00688|K01915|K04079]	[4]	[K00688|K01915|K03767|K04079]	
map04218	Cellular senescence	[0]	[ ]	[0]	[ ]	
map04260	Cardiac muscle contraction	[0]	[ ]	[0]	[ ]	
map04261	Adrenergic signaling in cardiomyocytes	[0]	[ ]	[0]	[ ]	
map04270	Vascular smooth muscle contraction	[0]	[ ]	[0]	[ ]	
map04310	Wnt signaling pathway	[0]	[ ]	[0]	[ ]	
map04320	Dorso-ventral axis formation	[0]	[ ]	[0]	[ ]	
map04330	Notch signaling pathway	[0]	[ ]	[0]	[ ]	
map04340	Hedgehog signaling pathway	[0]	[ ]	[0]	[ ]	
map04341	Hedgehog signaling pathway - fly	[0]	[ ]	[0]	[ ]	
map04350	TGF-beta signaling pathway	[0]	[ ]	[0]	[ ]	
map04360	Axon guidance	[0]	[ ]	[0]	[ ]	
map04370	VEGF signaling pathway	[0]	[ ]	[0]	[ ]	
map04371	Apelin signaling pathway	[0]	[ ]	[0]	[ ]	
map04380	Osteoclast differentiation	[0]	[ ]	[0]	[ ]	
map04390	Hippo signaling pathway	[0]	[ ]	[0]	[ ]	
map04391	Hippo signaling pathway - fly	[0]	[ ]	[0]	[ ]	
map04392	Hippo signaling pathway - multiple species	[0]	[ ]	[0]	[ ]	
map04510	Focal adhesion	[0]	[ ]	[0]	[ ]	
map04512	ECM-receptor interaction	[0]	[ ]	[0]	[ ]	
map04514	Cell adhesion molecules (CAMs)	[0]	[ ]	[0]	[ ]	
map04520	Adherens junction	[0]	[ ]	[0]	[ ]	
map04530	Tight junction	[0]	[ ]	[0]	[ ]	
map04540	Gap junction	[0]	[ ]	[0]	[ ]	
map04550	Signaling pathways regulating pluripotency of stem cells	[0]	[ ]	[0]	[ ]	
map04610	Complement and coagulation cascades	[0]	[ ]	[0]	[ ]	
map04611	Platelet activation	[0]	[ ]	[0]	[ ]	
map04612	Antigen processing and presentation	[1]	[K04079]	[1]	[K04079]	
map04614	Renin-angiotensin system	[1]	[K01322]	[0]	[ ]	
map04620	Toll-like receptor signaling pathway	[0]	[ ]	[0]	[ ]	
map04621	NOD-like receptor signaling pathway	[2]	[K03671|K04079]	[3]	[K02406|K03671|K04079]	
map04622	RIG-I-like receptor signaling pathway	[0]	[ ]	[0]	[ ]	
map04623	Cytosolic DNA-sensing pathway	[0]	[ ]	[0]	[ ]	
map04624	Toll and Imd signaling pathway	[0]	[ ]	[0]	[ ]	
map04625	C-type lectin receptor signaling pathway	[0]	[ ]	[0]	[ ]	
map04626	Plant-pathogen interaction	[1]	[K04079]	[4]	[K00864|K02406|K04079|K12340]	
map04630	JAK-STAT signaling pathway	[0]	[ ]	[0]	[ ]	
map04640	Hematopoietic cell lineage	[0]	[ ]	[0]	[ ]	
map04650	Natural killer cell mediated cytotoxicity	[0]	[ ]	[0]	[ ]	
map04657	IL-17 signaling pathway	[1]	[K04079]	[1]	[K04079]	
map04658	Th1 and Th2 cell differentiation	[0]	[ ]	[0]	[ ]	
map04659	Th17 cell differentiation	[1]	[K04079]	[1]	[K04079]	
map04660	T cell receptor signaling pathway	[0]	[ ]	[0]	[ ]	
map04662	B cell receptor signaling pathway	[0]	[ ]	[0]	[ ]	
map04664	Fc epsilon RI signaling pathway	[0]	[ ]	[0]	[ ]	
map04666	Fc gamma R-mediated phagocytosis	[0]	[ ]	[0]	[ ]	
map04668	TNF signaling pathway	[0]	[ ]	[0]	[ ]	
map04670	Leukocyte transendothelial migration	[0]	[ ]	[0]	[ ]	
map04672	Intestinal immune network for IgA production	[0]	[ ]	[0]	[ ]	
map04710	Circadian rhythm	[0]	[ ]	[0]	[ ]	
map04711	Circadian rhythm - fly	[0]	[ ]	[0]	[ ]	
map04712	Circadian rhythm - plant	[0]	[ ]	[0]	[ ]	
map04713	Circadian entrainment	[0]	[ ]	[0]	[ ]	
map04714	Thermogenesis	[2]	[K02257|K02259]	[2]	[K01897|K02257]	
map04720	Long-term potentiation	[0]	[ ]	[0]	[ ]	
map04721	Synaptic vesicle cycle	[0]	[ ]	[0]	[ ]	
map04722	Neurotrophin signaling pathway	[0]	[ ]	[0]	[ ]	
map04723	Retrograde endocannabinoid signaling	[0]	[ ]	[0]	[ ]	
map04724	Glutamatergic synapse	[1]	[K01915]	[2]	[K01425|K01915]	
map04725	Cholinergic synapse	[0]	[ ]	[0]	[ ]	
map04726	Serotonergic synapse	[0]	[ ]	[0]	[ ]	
map04727	GABAergic synapse	[1]	[K01915]	[3]	[K01425|K01580|K01915]	
map04728	Dopaminergic synapse	[0]	[ ]	[0]	[ ]	
map04730	Long-term depression	[0]	[ ]	[0]	[ ]	
map04740	Olfactory transduction	[0]	[ ]	[0]	[ ]	
map04742	Taste transduction	[0]	[ ]	[0]	[ ]	
map04744	Phototransduction	[0]	[ ]	[0]	[ ]	
map04745	Phototransduction - fly	[0]	[ ]	[0]	[ ]	
map04750	Inflammatory mediator regulation of TRP channels	[0]	[ ]	[0]	[ ]	
map04810	Regulation of actin cytoskeleton	[0]	[ ]	[0]	[ ]	
map04910	Insulin signaling pathway	[3]	[K00688|K03841|K07192]	[3]	[K00688|K03841|K07192]	
map04911	Insulin secretion	[0]	[ ]	[0]	[ ]	
map04912	GnRH signaling pathway	[0]	[ ]	[0]	[ ]	
map04913	Ovarian steroidogenesis	[0]	[ ]	[0]	[ ]	
map04914	Progesterone-mediated oocyte maturation	[1]	[K04079]	[1]	[K04079]	
map04915	Estrogen signaling pathway	[1]	[K04079]	[1]	[K04079]	
map04916	Melanogenesis	[0]	[ ]	[0]	[ ]	
map04917	Prolactin signaling pathway	[0]	[ ]	[1]	[K00965]	
map04918	Thyroid hormone synthesis	[1]	[K00383]	[2]	[K00383|K00432]	
map04919	Thyroid hormone signaling pathway	[0]	[ ]	[0]	[ ]	
map04920	Adipocytokine signaling pathway	[0]	[ ]	[1]	[K01897]	
map04921	Oxytocin signaling pathway	[0]	[ ]	[0]	[ ]	
map04922	Glucagon signaling pathway	[4]	[K00161|K00162|K00688|K00873]	[4]	[K00016|K00688|K00873|K01834]	
map04923	Regulation of lipolysis in adipocytes	[0]	[ ]	[0]	[ ]	
map04924	Renin secretion	[0]	[ ]	[0]	[ ]	
map04925	Aldosterone synthesis and secretion	[0]	[ ]	[0]	[ ]	
map04926	Relaxin signaling pathway	[0]	[ ]	[0]	[ ]	
map04927	Cortisol synthesis and secretion	[0]	[ ]	[0]	[ ]	
map04928	Parathyroid hormone synthesis, secretion and action	[0]	[ ]	[0]	[ ]	
map04930	Type II diabetes mellitus	[1]	[K00873]	[1]	[K00873]	
map04931	Insulin resistance	[2]	[K00688|K00820]	[2]	[K00688|K00820]	
map04932	Non-alcoholic fatty liver disease (NAFLD)	[0]	[ ]	[0]	[ ]	
map04933	AGE-RAGE signaling pathway in diabetic complications	[0]	[ ]	[0]	[ ]	
map04934	Cushing syndrome	[0]	[ ]	[1]	[K01679]	
map04940	Type I diabetes mellitus	[1]	[K04077]	[2]	[K01580|K04077]	
map04950	Maturity onset diabetes of the young	[0]	[ ]	[0]	[ ]	
map04960	Aldosterone-regulated sodium reabsorption	[0]	[ ]	[0]	[ ]	
map04961	Endocrine and other factor-regulated calcium reabsorption	[0]	[ ]	[0]	[ ]	
map04962	Vasopressin-regulated water reabsorption	[0]	[ ]	[0]	[ ]	
map04964	Proximal tubule bicarbonate reclamation	[0]	[ ]	[1]	[K01425]	
map04966	Collecting duct acid secretion	[0]	[ ]	[0]	[ ]	
map04970	Salivary secretion	[0]	[ ]	[0]	[ ]	
map04971	Gastric acid secretion	[0]	[ ]	[0]	[ ]	
map04972	Pancreatic secretion	[0]	[ ]	[0]	[ ]	
map04973	Carbohydrate digestion and absorption	[0]	[ ]	[1]	[K01176]	
map04974	Protein digestion and absorption	[0]	[ ]	[0]	[ ]	
map04975	Fat digestion and absorption	[0]	[ ]	[0]	[ ]	
map04976	Bile secretion	[0]	[ ]	[0]	[ ]	
map04977	Vitamin digestion and absorption	[0]	[ ]	[0]	[ ]	
map04978	Mineral absorption	[1]	[K07213]	[0]	[ ]	
map04979	Cholesterol metabolism	[1]	[K05770]	[0]	[ ]	
map05010	Alzheimer disease	[1]	[K00134]	[1]	[K00134]	
map05012	Parkinson disease	[1]	[K09565]	[0]	[ ]	
map05014	Amyotrophic lateral sclerosis (ALS)	[0]	[ ]	[1]	[K04565]	
map05016	Huntington disease	[2]	[K04564|K09565]	[2]	[K04564|K04565]	
map05020	Prion diseases	[0]	[ ]	[1]	[K04565]	
map05030	Cocaine addiction	[0]	[ ]	[0]	[ ]	
map05031	Amphetamine addiction	[0]	[ ]	[0]	[ ]	
map05032	Morphine addiction	[0]	[ ]	[0]	[ ]	
map05033	Nicotine addiction	[0]	[ ]	[0]	[ ]	
map05034	Alcoholism	[0]	[ ]	[0]	[ ]	
map05100	Bacterial invasion of epithelial cells	[0]	[ ]	[3]	[K13285|K13287|K13735]	
map05110	Vibrio cholerae infection	[0]	[ ]	[0]	[ ]	
map05111	Biofilm formation - Vibrio cholerae	[6]	[K00640|K01791|K02454|K03087|K05946|K10914]	[26]	[K00640|K01791|K02405|K02452|K02453|K02454|K02455|K02456|K02459|K02461|K02462|K02472|K02777|K02779|K03087|K03092|K03557|K03563|K03666|K05851|K07173|K07678|K07689|K10914|K10938|K10939]	
map05120	Epithelial cell signaling in Helicobacter pylori infection	[1]	[K01428]	[1]	[K08303]	
map05130	Pathogenic Escherichia coli infection	[0]	[ ]	[6]	[K12784|K12786|K12787|K12788|K12789|K12790]	
map05131	Shigellosis	[0]	[ ]	[2]	[K13285|K13287]	
map05132	Salmonella infection	[0]	[ ]	[9]	[K02406|K03385|K05916|K12264|K12265|K12266|K13285|K13287|K13771]	
map05133	Pertussis	[0]	[ ]	[4]	[K07345|K07347|K12340|K12973]	
map05134	Legionellosis	[4]	[K00239|K03596|K04077|K13525]	[4]	[K00239|K02406|K03596|K04077]	
map05140	Leishmaniasis	[0]	[ ]	[0]	[ ]	
map05142	Chagas disease (American trypanosomiasis)	[0]	[ ]	[1]	[K01354]	
map05143	African trypanosomiasis	[0]	[ ]	[1]	[K01354]	
map05144	Malaria	[0]	[ ]	[0]	[ ]	
map05145	Toxoplasmosis	[1]	[K09565]	[0]	[ ]	
map05146	Amoebiasis	[0]	[ ]	[0]	[ ]	
map05150	Staphylococcus aureus infection	[0]	[ ]	[0]	[ ]	
map05152	Tuberculosis	[3]	[K02040|K04043|K04077]	[3]	[K02040|K04043|K04077]	
map05160	Hepatitis C	[0]	[ ]	[0]	[ ]	
map05161	Hepatitis B	[0]	[ ]	[0]	[ ]	
map05162	Measles	[0]	[ ]	[0]	[ ]	
map05163	Human cytomegalovirus infection	[0]	[ ]	[0]	[ ]	
map05164	Influenza A	[0]	[ ]	[0]	[ ]	
map05165	Human papillomavirus infection	[1]	[K00873]	[1]	[K00873]	
map05166	HTLV-I infection	[1]	[K05770]	[0]	[ ]	
map05167	Kaposi sarcoma-associated herpesvirus infection	[0]	[ ]	[0]	[ ]	
map05168	Herpes simplex infection	[0]	[ ]	[0]	[ ]	
map05169	Epstein-Barr virus infection	[0]	[ ]	[0]	[ ]	
map05200	Pathways in cancer	[2]	[K00799|K04079]	[3]	[K00799|K01679|K04079]	
map05202	Transcriptional misregulation in cancer	[0]	[ ]	[0]	[ ]	
map05203	Viral carcinogenesis	[1]	[K00873]	[1]	[K00873]	
map05204	Chemical carcinogenesis	[2]	[K00121|K00799]	[2]	[K00121|K00799]	
map05205	Proteoglycans in cancer	[1]	[K03685]	[1]	[K03685]	
map05206	MicroRNAs in cancer	[1]	[K00558]	[2]	[K00558|K01425]	
map05210	Colorectal cancer	[0]	[ ]	[0]	[ ]	
map05211	Renal cell carcinoma	[0]	[ ]	[1]	[K01679]	
map05212	Pancreatic cancer	[0]	[ ]	[0]	[ ]	
map05213	Endometrial cancer	[0]	[ ]	[0]	[ ]	
map05214	Glioma	[0]	[ ]	[0]	[ ]	
map05215	Prostate cancer	[1]	[K04079]	[1]	[K04079]	
map05216	Thyroid cancer	[0]	[ ]	[0]	[ ]	
map05217	Basal cell carcinoma	[0]	[ ]	[0]	[ ]	
map05218	Melanoma	[0]	[ ]	[0]	[ ]	
map05219	Bladder cancer	[0]	[ ]	[1]	[K00758]	
map05220	Chronic myeloid leukemia	[0]	[ ]	[0]	[ ]	
map05221	Acute myeloid leukemia	[0]	[ ]	[0]	[ ]	
map05222	Small cell lung cancer	[0]	[ ]	[0]	[ ]	
map05223	Non-small cell lung cancer	[0]	[ ]	[0]	[ ]	
map05224	Breast cancer	[0]	[ ]	[0]	[ ]	
map05225	Hepatocellular carcinoma	[1]	[K00799]	[1]	[K00799]	
map05226	Gastric cancer	[0]	[ ]	[0]	[ ]	
map05230	Central carbon metabolism in cancer	[4]	[K00036|K00161|K00162|K00873]	[5]	[K00036|K00850|K00873|K01425|K01834]	
map05231	Choline metabolism in cancer	[0]	[ ]	[2]	[K00901|K00968]	
map05310	Asthma	[0]	[ ]	[0]	[ ]	
map05320	Autoimmune thyroid disease	[0]	[ ]	[0]	[ ]	
map05321	Inflammatory bowel disease (IBD)	[0]	[ ]	[0]	[ ]	
map05322	Systemic lupus erythematosus	[1]	[K11089]	[0]	[ ]	
map05323	Rheumatoid arthritis	[0]	[ ]	[0]	[ ]	
map05330	Allograft rejection	[0]	[ ]	[0]	[ ]	
map05332	Graft-versus-host disease	[0]	[ ]	[0]	[ ]	
map05340	Primary immunodeficiency	[1]	[K01488]	[2]	[K01488|K03648]	
map05410	Hypertrophic cardiomyopathy (HCM)	[0]	[ ]	[0]	[ ]	
map05412	Arrhythmogenic right ventricular cardiomyopathy (ARVC)	[0]	[ ]	[0]	[ ]	
map05414	Dilated cardiomyopathy (DCM)	[0]	[ ]	[0]	[ ]	
map05416	Viral myocarditis	[0]	[ ]	[0]	[ ]	
map05418	Fluid shear stress and atherosclerosis	[4]	[K00799|K01940|K03671|K04079]	[4]	[K00799|K01940|K03671|K04079]	
